id,Month,Gender,Customer Type,Age,Type of Travel,Class,Flight Distance,Inflight wifi service,Departure/Arrival time convenient,Ease of Online booking,Gate location,Food and drink,Online boarding,Seat comfort,Inflight entertainment,On-board service,Leg room service,Baggage handling,Checkin service,Inflight service,Cleanliness,Average Rating,Departure Delay in Minutes,Arrival Delay in Minutes,satisfaction
70172,Jan,Male,Loyal Customer,13,Personal Travel,Eco Plus,460,3,4,3,1,5,3,5,5,4,3,4,4,5,5,3.9,25,18,neutral or dissatisfied
5047,Feb,Male,disloyal Customer,25,Business travel,Business,235,3,2,3,3,1,3,1,1,1,5,3,1,4,1,2.3,1,6,neutral or dissatisfied
110028,Mar,Female,Loyal Customer,26,Business travel,Business,1142,2,2,2,2,5,5,5,5,4,3,4,4,4,5,3.7,0,0,satisfied
24026,Apr,Female,Loyal Customer,25,Business travel,Business,562,2,5,5,5,2,2,2,2,2,5,3,1,4,2,3,11,9,neutral or dissatisfied
119299,May,Male,Loyal Customer,61,Business travel,Business,214,3,3,3,3,4,5,5,3,3,4,4,3,3,3,3.5,0,0,satisfied
111157,Jun,Female,Loyal Customer,26,Personal Travel,Eco,1180,3,4,2,1,1,2,1,1,3,4,4,4,4,1,2.5,0,0,neutral or dissatisfied
82113,Jul,Male,Loyal Customer,47,Personal Travel,Eco,1276,2,4,2,3,2,2,2,2,3,3,4,3,5,2,2.8,9,23,neutral or dissatisfied
96462,Sep,Female,Loyal Customer,52,Business travel,Business,2035,4,3,4,4,5,5,5,5,5,5,5,4,5,4,4.5,4,0,satisfied
79485,Oct,Female,Loyal Customer,41,Business travel,Business,853,1,2,2,2,4,3,3,1,1,2,1,4,1,2,2.1,0,0,neutral or dissatisfied
65725,Nov,Male,disloyal Customer,20,Business travel,Eco,1061,3,3,3,4,2,3,3,2,2,3,4,4,3,2,2.9,0,0,neutral or dissatisfied
34991,Dec,Female,disloyal Customer,24,Business travel,Eco,1182,4,5,5,4,2,5,2,2,3,3,5,3,5,2,3.6,0,0,neutral or dissatisfied
51412,Aug,Female,Loyal Customer,12,Personal Travel,Eco Plus,308,2,4,2,2,1,2,1,1,1,2,5,5,5,1,2.4,0,0,neutral or dissatisfied
98628,Jan,Male,Loyal Customer,53,Business travel,Eco,834,1,4,4,4,1,1,1,1,1,1,3,4,4,1,2.2,28,8,neutral or dissatisfied
83502,Feb,Male,Loyal Customer,33,Personal Travel,Eco,946,4,2,4,3,4,4,4,4,4,5,2,2,2,4,3.4,0,0,satisfied
95789,Mar,Female,Loyal Customer,26,Personal Travel,Eco,453,3,2,3,2,2,3,2,2,4,3,2,2,1,2,2.4,43,35,neutral or dissatisfied
100580,Apr,Male,disloyal Customer,13,Business travel,Eco,486,2,1,2,3,4,2,1,4,2,1,4,1,3,4,2.4,1,0,neutral or dissatisfied
71142,May,Female,Loyal Customer,26,Business travel,Business,2123,3,3,3,3,4,4,4,4,5,3,4,5,4,4,3.8,49,51,satisfied
127461,Jun,Male,Loyal Customer,41,Business travel,Business,2075,4,4,2,4,4,4,4,5,5,5,5,3,5,5,4.2,0,10,satisfied
70354,Jul,Female,Loyal Customer,45,Business travel,Business,2486,4,4,4,4,3,4,5,5,5,5,5,3,5,4,4.3,7,5,satisfied
66246,Sep,Male,Loyal Customer,38,Personal Travel,Eco,460,2,3,3,2,5,3,5,5,1,2,4,3,2,5,3.2,17,18,neutral or dissatisfied
39076,Oct,Male,Loyal Customer,9,Business travel,Eco,1174,2,4,2,4,2,2,1,2,1,5,3,4,3,2,2.6,0,4,neutral or dissatisfied
22434,Nov,Female,Loyal Customer,17,Personal Travel,Eco,208,3,1,3,3,5,3,5,5,2,5,3,3,4,5,3.6,0,0,neutral or dissatisfied
43510,Dec,Female,Loyal Customer,43,Personal Travel,Eco,752,3,5,3,5,5,4,5,3,3,3,5,3,3,4,3.9,52,29,neutral or dissatisfied
114090,Aug,Female,Loyal Customer,58,Personal Travel,Eco,2139,4,5,4,5,4,3,4,4,4,4,4,2,4,2,3.8,0,0,neutral or dissatisfied
105420,Jan,Female,disloyal Customer,23,Business travel,Eco,452,5,0,5,1,1,5,1,1,4,5,5,3,5,1,3,54,44,satisfied
102956,Feb,Male,Loyal Customer,57,Personal Travel,Eco,719,4,4,4,1,5,4,5,5,3,2,4,4,5,5,3.9,27,28,neutral or dissatisfied
18510,Mar,Female,Loyal Customer,33,Business travel,Business,1561,1,1,1,1,1,5,3,4,4,4,3,5,4,2,2.8,0,0,satisfied
14925,Apr,Female,Loyal Customer,49,Business travel,Eco Plus,315,4,4,4,4,2,2,1,4,4,4,4,2,4,2,3.2,0,8,satisfied
118319,May,Female,Loyal Customer,36,Business travel,Business,3347,3,1,1,1,1,2,1,3,3,3,3,2,3,2,2.1,18,12,neutral or dissatisfied
75460,Jun,Male,Loyal Customer,22,Personal Travel,Eco,2342,3,2,3,3,3,3,1,3,2,4,3,4,2,3,2.8,19,0,neutral or dissatisfied
48492,Jul,Female,Loyal Customer,31,Business travel,Business,819,4,4,4,4,5,5,5,5,5,4,3,1,5,5,4.2,0,0,satisfied
27809,Sep,Female,disloyal Customer,15,Business travel,Eco,1043,2,2,2,3,5,2,5,5,3,1,4,2,4,5,3.2,3,0,neutral or dissatisfied
70594,Oct,Female,Loyal Customer,35,Business travel,Business,2611,4,5,4,4,4,4,4,3,3,4,5,4,3,4,3.9,109,120,satisfied
30089,Nov,Female,Loyal Customer,67,Personal Travel,Eco,1192,4,5,4,1,2,4,5,5,5,4,3,5,5,5,4.1,18,24,neutral or dissatisfied
58779,Dec,Male,disloyal Customer,37,Business travel,Business,1182,3,3,3,4,1,3,1,1,4,1,3,1,4,1,2.4,9,0,neutral or dissatisfied
79659,Aug,Female,Loyal Customer,40,Business travel,Eco,349,1,4,4,4,1,1,1,1,3,5,3,3,3,1,2.5,0,1,neutral or dissatisfied
110293,Jan,Female,disloyal Customer,34,Business travel,Business,883,3,4,4,3,5,4,2,5,5,4,5,4,5,5,4.1,0,0,neutral or dissatisfied
48014,Feb,Male,Loyal Customer,40,Personal Travel,Eco Plus,550,4,3,4,2,2,4,2,2,5,1,4,3,4,2,3,23,20,neutral or dissatisfied
96517,Mar,Female,Loyal Customer,47,Personal Travel,Eco,302,4,4,4,3,2,4,5,4,4,4,4,4,4,4,3.9,23,31,satisfied
64685,Apr,Male,disloyal Customer,41,Business travel,Business,354,1,1,1,2,1,1,1,1,3,3,4,4,4,1,2,0,0,neutral or dissatisfied
64138,May,Male,Loyal Customer,39,Business travel,Business,1734,4,4,4,4,3,5,5,4,4,4,4,4,4,3,4,0,0,satisfied
60373,Jun,Female,disloyal Customer,25,Business travel,Business,1452,3,5,3,4,3,3,3,3,4,4,5,5,5,3,3.8,9,23,neutral or dissatisfied
14849,Jul,Male,Loyal Customer,41,Business travel,Business,296,0,0,0,3,2,5,3,4,4,4,4,4,4,3,2.9,0,0,satisfied
28319,Sep,Female,Loyal Customer,38,Business travel,Business,2882,3,3,3,3,2,1,4,5,5,5,5,2,5,4,3.6,0,0,satisfied
103012,Oct,Female,Loyal Customer,50,Business travel,Business,460,1,1,1,1,3,5,5,3,3,3,3,4,3,5,2.9,1,15,satisfied
124114,Nov,Male,Loyal Customer,29,Business travel,Business,529,1,1,1,1,5,5,5,5,4,2,5,5,4,5,3.5,4,0,satisfied
107794,Dec,Female,Loyal Customer,22,Personal Travel,Business,349,2,4,2,1,4,2,4,4,4,5,4,4,5,4,3.5,0,0,neutral or dissatisfied
81983,Aug,Female,Loyal Customer,13,Business travel,Business,1522,1,1,1,1,1,1,1,1,3,5,3,1,4,1,1.8,0,0,neutral or dissatisfied
53164,Jan,Male,Loyal Customer,54,Business travel,Business,612,3,3,3,3,5,2,3,5,5,5,5,4,5,3,3.9,8,0,satisfied
82042,Feb,Male,Loyal Customer,21,Personal Travel,Eco,1454,2,2,2,3,5,2,5,5,2,3,3,1,3,5,3.1,0,0,neutral or dissatisfied
72127,Mar,Male,Loyal Customer,28,Business travel,Eco,731,2,1,1,1,2,2,2,2,3,3,2,3,3,2,2.1,14,8,neutral or dissatisfied
113046,Apr,Male,Loyal Customer,27,Business travel,Business,2076,3,3,3,3,4,4,4,4,3,4,4,4,5,4,3.7,0,1,satisfied
1050,May,Female,Loyal Customer,69,Business travel,Eco,309,5,5,5,5,1,2,3,5,5,5,5,4,5,2,4.1,0,0,satisfied
54886,Jun,Male,Loyal Customer,35,Personal Travel,Eco,775,2,3,2,4,4,2,4,4,4,4,3,4,1,4,3.2,1,0,neutral or dissatisfied
125918,Jul,Female,Loyal Customer,60,Personal Travel,Eco,861,2,2,2,3,1,3,4,4,4,2,4,4,4,4,3.1,10,10,neutral or dissatisfied
7467,Sep,Female,Loyal Customer,45,Business travel,Business,3334,2,4,2,2,4,5,5,4,4,4,4,3,4,5,3.7,51,48,satisfied
78972,Oct,Female,Loyal Customer,57,Business travel,Business,2496,0,0,0,1,3,4,5,5,5,5,5,4,5,5,3.4,0,5,satisfied
126625,Nov,Male,Loyal Customer,40,Business travel,Business,602,5,5,5,5,2,5,5,5,5,5,5,3,5,4,4.6,0,0,satisfied
114501,Dec,Female,disloyal Customer,38,Business travel,Business,308,3,3,3,3,4,3,4,4,1,1,4,2,3,4,3,39,26,neutral or dissatisfied
114813,Aug,Male,disloyal Customer,23,Business travel,Eco,446,2,4,2,1,4,2,4,4,4,2,4,5,5,4,3.4,4,0,neutral or dissatisfied
32167,Jan,Male,disloyal Customer,39,Business travel,Business,216,2,2,2,3,3,2,3,3,2,1,4,2,4,3,2.6,0,0,neutral or dissatisfied
68001,Feb,Female,Loyal Customer,52,Business travel,Business,3475,2,2,2,2,4,4,4,4,4,4,4,4,4,3,3.4,0,0,satisfied
117052,Mar,Male,disloyal Customer,25,Business travel,Eco,646,2,1,2,2,4,2,3,4,4,4,3,2,2,4,2.8,13,1,neutral or dissatisfied
8661,Apr,Female,Loyal Customer,48,Business travel,Business,2501,3,3,3,3,5,4,4,5,5,5,5,4,5,4,4.1,0,0,satisfied
57165,May,Female,Loyal Customer,59,Business travel,Business,2227,5,5,5,5,2,4,4,4,4,4,4,3,4,4,4.1,30,15,satisfied
78610,Jun,Male,Loyal Customer,25,Business travel,Business,1426,3,3,3,3,4,5,4,4,5,4,4,4,4,4,3.9,4,0,satisfied
51058,Jul,Male,Loyal Customer,38,Personal Travel,Eco,190,2,4,2,3,4,2,4,4,3,2,4,4,5,4,3.4,0,0,neutral or dissatisfied
92027,Sep,Male,Loyal Customer,46,Business travel,Business,1532,2,2,2,2,2,4,5,5,5,5,5,5,5,4,3.8,0,0,satisfied
115534,Oct,Male,Loyal Customer,50,Business travel,Eco,308,2,1,1,1,2,2,2,2,3,2,2,2,3,2,1.9,18,12,neutral or dissatisfied
9261,Nov,Female,Loyal Customer,38,Business travel,Eco Plus,157,4,4,4,4,4,4,4,4,3,3,1,1,4,4,3.4,0,0,satisfied
61033,Dec,Female,Loyal Customer,53,Business travel,Business,1506,4,4,4,4,3,4,5,5,5,5,5,4,5,5,4.4,0,0,satisfied
75930,Aug,Male,Loyal Customer,30,Business travel,Eco Plus,205,3,2,2,2,3,3,3,3,2,5,1,1,2,3,2.5,64,49,neutral or dissatisfied
112142,Jan,Male,disloyal Customer,39,Business travel,Business,895,2,2,2,4,5,2,5,5,5,4,4,5,5,5,3.9,0,2,neutral or dissatisfied
24518,Feb,Male,Loyal Customer,66,Personal Travel,Eco Plus,516,1,4,1,2,2,1,2,2,4,4,5,5,5,2,2.9,0,37,neutral or dissatisfied
112524,Mar,Male,Loyal Customer,45,Personal Travel,Eco,909,3,5,3,2,1,3,1,1,4,4,5,3,4,1,2.9,0,0,neutral or dissatisfied
101639,Apr,Female,disloyal Customer,25,Business travel,Business,1435,5,1,5,4,1,5,1,1,4,2,5,4,5,1,3.1,1,1,satisfied
85018,May,Male,Loyal Customer,52,Business travel,Business,1190,2,4,4,4,1,4,3,2,2,2,2,1,2,4,2.6,0,6,neutral or dissatisfied
106922,Jun,Male,Loyal Customer,64,Personal Travel,Eco,1259,4,5,4,2,2,4,2,2,4,5,3,4,4,2,3.4,20,5,satisfied
32564,Jul,Female,disloyal Customer,50,Business travel,Eco,216,4,0,4,4,4,4,4,4,5,2,1,4,4,4,3.4,0,0,neutral or dissatisfied
92242,Sep,Female,disloyal Customer,41,Business travel,Business,1670,2,1,1,2,3,2,4,3,3,5,3,4,5,3,2.9,0,0,neutral or dissatisfied
73302,Oct,Male,Loyal Customer,26,Business travel,Business,3960,1,1,1,1,4,4,4,4,4,2,5,4,4,4,3.1,45,48,satisfied
42267,Nov,Female,disloyal Customer,25,Business travel,Eco,817,4,4,4,3,3,4,3,3,2,3,2,3,3,3,3.1,0,0,neutral or dissatisfied
121358,Dec,Female,disloyal Customer,44,Business travel,Business,1670,3,3,3,4,5,3,5,5,3,2,4,2,4,5,3.6,0,8,neutral or dissatisfied
65655,Aug,Female,disloyal Customer,21,Business travel,Business,861,4,0,4,4,1,4,1,1,3,4,4,4,5,1,2.9,0,0,satisfied
88062,Jan,Male,Loyal Customer,47,Business travel,Business,406,2,2,2,2,3,5,5,4,4,4,4,5,4,4,3.6,44,50,satisfied
91330,Feb,Male,Loyal Customer,31,Business travel,Eco Plus,404,4,4,4,4,4,4,4,4,1,2,2,4,2,4,3.4,17,3,satisfied
22031,Mar,Female,Loyal Customer,57,Personal Travel,Eco Plus,500,3,5,3,2,3,4,5,5,5,3,5,4,5,5,4.1,0,0,neutral or dissatisfied
27921,Apr,Male,Loyal Customer,44,Personal Travel,Eco,689,3,5,3,4,5,3,2,5,4,4,5,3,5,5,4,0,0,neutral or dissatisfied
51947,May,Male,Loyal Customer,45,Business travel,Business,3100,3,3,3,3,1,1,3,4,4,4,4,3,4,1,2.9,0,0,satisfied
40017,Jun,Male,disloyal Customer,13,Business travel,Eco,525,2,2,2,3,3,2,3,3,3,1,3,1,4,3,2.5,0,0,neutral or dissatisfied
76392,Jul,Male,Loyal Customer,60,Personal Travel,Eco,931,0,5,0,3,4,0,3,4,4,5,5,4,5,4,3.3,0,0,satisfied
118486,Sep,Female,disloyal Customer,41,Business travel,Business,304,5,5,5,3,2,5,2,2,3,4,4,4,4,2,3.6,31,19,satisfied
6012,Oct,Male,Loyal Customer,30,Business travel,Business,1896,4,1,1,1,4,4,4,4,2,2,3,4,2,4,2.9,81,72,neutral or dissatisfied
30183,Nov,Female,Loyal Customer,51,Business travel,Eco Plus,261,5,4,4,4,4,3,1,5,5,5,5,1,5,1,3.7,0,0,satisfied
41652,Dec,Female,Loyal Customer,61,Business travel,Eco,347,2,5,5,5,5,2,4,3,3,2,3,3,3,4,3.5,0,11,satisfied
15138,Aug,Female,Loyal Customer,32,Business travel,Eco,1042,4,1,1,1,4,4,4,4,4,3,1,5,2,4,3,35,34,satisfied
123589,Jan,Female,Loyal Customer,39,Personal Travel,Eco,1773,4,5,4,5,5,4,5,5,2,2,3,3,1,5,3.8,14,18,neutral or dissatisfied
114534,Feb,Male,Loyal Customer,19,Personal Travel,Business,342,3,1,3,2,3,3,3,3,2,1,3,1,3,3,2.4,0,0,neutral or dissatisfied
93076,Mar,Female,Loyal Customer,15,Personal Travel,Eco Plus,297,1,5,1,3,5,1,5,5,5,1,1,3,4,5,3.2,67,62,neutral or dissatisfied
96963,Apr,Female,disloyal Customer,42,Business travel,Business,883,3,3,3,3,3,3,4,3,5,2,4,3,4,3,3.3,22,27,satisfied
85494,May,Female,Loyal Customer,16,Personal Travel,Eco,332,2,5,2,1,3,2,4,3,5,4,5,4,4,3,3.4,40,52,neutral or dissatisfied
72989,Jun,Male,Loyal Customer,19,Business travel,Business,2388,5,5,5,5,4,5,4,4,5,5,1,5,4,4,4.4,0,0,satisfied
42357,Jul,Female,Loyal Customer,29,Personal Travel,Eco,748,2,5,2,2,5,2,1,5,4,2,4,3,5,5,3.4,0,0,neutral or dissatisfied
23040,Sep,Female,disloyal Customer,27,Business travel,Eco Plus,1080,3,3,3,3,3,3,3,3,4,1,3,3,3,3,2.9,0,0,neutral or dissatisfied
65420,Oct,Male,disloyal Customer,22,Business travel,Business,231,5,0,5,4,5,5,5,5,3,4,4,3,1,5,3.9,0,0,satisfied
65045,Nov,Female,Loyal Customer,15,Personal Travel,Eco,551,3,4,3,3,4,3,4,4,1,1,4,2,1,4,2.9,3,0,neutral or dissatisfied
37373,Dec,Male,disloyal Customer,11,Business travel,Eco,972,1,1,1,3,1,1,1,1,4,3,4,2,1,1,1.8,0,0,neutral or dissatisfied
44405,Aug,Female,Loyal Customer,34,Personal Travel,Eco,265,4,3,4,3,5,4,5,5,2,5,2,1,4,5,3.7,0,23,neutral or dissatisfied
16653,Jan,Female,disloyal Customer,26,Business travel,Eco,488,2,0,2,4,1,2,1,1,3,2,5,1,3,1,2,0,0,neutral or dissatisfied
71655,Feb,Female,Loyal Customer,26,Personal Travel,Eco,1144,3,5,2,2,4,2,4,4,5,4,5,3,5,4,3.7,0,0,neutral or dissatisfied
77591,Mar,Male,Loyal Customer,53,Business travel,Business,2332,5,5,5,5,5,5,5,4,4,5,4,4,4,3,4.5,0,3,satisfied
4585,Apr,Male,Loyal Customer,36,Business travel,Business,3024,4,2,2,2,1,3,4,4,4,4,4,4,4,1,3.1,30,13,neutral or dissatisfied
108347,May,Male,Loyal Customer,32,Business travel,Business,1750,1,5,4,5,1,1,1,1,1,1,2,4,3,1,2.2,0,0,neutral or dissatisfied
23400,Jun,Male,Loyal Customer,20,Personal Travel,Eco,483,2,3,2,3,5,2,5,5,5,2,3,2,4,5,3.4,91,82,neutral or dissatisfied
31010,Jul,Female,Loyal Customer,35,Business travel,Business,2128,2,2,2,2,1,5,1,4,4,4,4,5,4,4,3.1,0,0,satisfied
57513,Sep,Male,Loyal Customer,15,Personal Travel,Eco,235,2,4,2,1,1,2,1,1,3,3,4,4,4,1,2.4,1,10,neutral or dissatisfied
20979,Oct,Male,Loyal Customer,52,Personal Travel,Eco,689,2,5,2,3,3,2,3,3,1,1,2,2,2,3,2.4,0,0,neutral or dissatisfied
95841,Nov,Male,Loyal Customer,45,Business travel,Business,1852,1,1,1,1,5,5,4,2,2,2,2,5,2,5,2.7,0,0,satisfied
114684,Dec,Female,disloyal Customer,24,Business travel,Eco,372,4,4,4,3,3,4,5,3,5,4,4,4,4,3,3.9,21,23,neutral or dissatisfied
111667,Aug,Female,Loyal Customer,46,Business travel,Business,3705,4,3,3,3,4,3,4,4,4,4,4,4,4,4,3.7,4,0,neutral or dissatisfied
20101,Jan,Male,disloyal Customer,26,Business travel,Eco,416,3,0,3,3,1,3,1,1,3,5,2,3,3,1,2.3,0,9,neutral or dissatisfied
63212,Feb,Male,Loyal Customer,28,Business travel,Eco,337,4,1,1,1,4,4,4,4,1,3,2,3,2,4,2.7,3,0,neutral or dissatisfied
8256,Mar,Male,Loyal Customer,11,Personal Travel,Eco,335,1,5,1,3,3,1,3,3,4,2,4,5,5,3,3.1,0,0,neutral or dissatisfied
56161,Apr,Male,Loyal Customer,45,Business travel,Business,1400,5,5,5,5,2,5,5,4,4,4,4,3,4,5,4.3,4,9,satisfied
121196,May,Male,Loyal Customer,62,Personal Travel,Eco,2521,4,5,4,3,4,1,1,5,3,5,4,1,4,1,3.2,7,30,neutral or dissatisfied
23788,Jun,Female,Loyal Customer,34,Business travel,Business,374,3,3,3,3,4,4,1,4,4,4,4,5,4,3,3.5,0,0,satisfied
129579,Jul,Male,Loyal Customer,51,Business travel,Business,308,2,2,2,2,4,5,5,4,4,4,4,3,4,5,3.6,17,8,satisfied
127516,Sep,Female,Loyal Customer,58,Business travel,Eco Plus,575,1,4,4,4,2,3,4,2,2,1,2,2,2,4,2.6,14,16,neutral or dissatisfied
18012,Oct,Male,Loyal Customer,22,Personal Travel,Eco,618,3,5,3,2,3,3,3,3,4,5,4,5,5,3,3.6,0,0,neutral or dissatisfied
45561,Nov,Male,Loyal Customer,8,Business travel,Eco,1304,4,4,4,4,4,4,4,4,2,2,4,2,1,4,3.4,0,0,satisfied
5228,Dec,Male,disloyal Customer,26,Business travel,Business,351,4,4,4,3,2,4,2,2,4,5,4,4,5,2,3.5,4,11,satisfied
18311,Aug,Female,Loyal Customer,22,Personal Travel,Eco,549,4,0,4,3,3,4,1,3,3,2,5,4,5,3,3.1,15,3,neutral or dissatisfied
59891,Jan,Female,Loyal Customer,21,Business travel,Business,3510,3,1,1,1,3,2,3,3,3,3,3,1,3,3,2.4,0,0,neutral or dissatisfied
60651,Feb,Male,Loyal Customer,31,Business travel,Business,1620,3,2,4,2,3,3,3,3,2,2,2,3,4,3,2.8,0,0,neutral or dissatisfied
51013,Mar,Female,Loyal Customer,44,Personal Travel,Eco,326,2,0,2,2,2,3,5,1,1,2,1,2,1,5,2.1,0,0,neutral or dissatisfied
91746,Apr,Male,Loyal Customer,27,Business travel,Business,588,2,2,2,2,5,5,5,5,5,2,5,3,5,5,3.8,0,0,satisfied
4233,May,Female,Loyal Customer,47,Business travel,Business,1020,3,1,3,3,2,4,5,5,5,5,5,3,5,5,3.9,0,0,satisfied
14187,Jun,Male,Loyal Customer,24,Business travel,Business,2903,3,3,3,3,3,3,3,3,4,2,2,2,2,3,2.8,0,0,neutral or dissatisfied
19669,Jul,Male,Loyal Customer,67,Business travel,Business,2659,1,1,1,1,1,3,3,1,1,1,1,1,1,1,1.3,0,0,neutral or dissatisfied
31147,Sep,Male,Loyal Customer,32,Business travel,Business,3037,2,2,2,2,4,4,4,4,4,1,1,3,5,4,3,0,0,satisfied
128842,Oct,Female,Loyal Customer,58,Personal Travel,Eco,2475,4,4,4,3,4,1,1,3,3,3,4,1,3,1,2.8,29,10,satisfied
27562,Nov,Male,Loyal Customer,12,Personal Travel,Eco,978,4,5,4,5,1,4,1,1,3,4,4,5,4,1,3.3,0,0,neutral or dissatisfied
775,Dec,Female,Loyal Customer,56,Business travel,Business,2568,3,1,1,1,5,3,2,3,3,3,3,3,3,4,2.7,0,0,neutral or dissatisfied
14070,Aug,Female,Loyal Customer,58,Personal Travel,Business,371,3,5,5,1,2,3,5,1,1,5,1,3,1,3,2.8,0,0,neutral or dissatisfied
106007,Jan,Male,disloyal Customer,24,Business travel,Eco,791,3,3,3,3,5,3,5,5,2,1,3,1,3,5,3.2,39,6,neutral or dissatisfied
116004,Feb,Male,Loyal Customer,68,Personal Travel,Eco,480,3,4,3,3,5,3,5,5,2,4,3,4,4,5,3.8,7,6,neutral or dissatisfied
68886,Mar,Male,Loyal Customer,46,Business travel,Business,1786,1,1,1,1,3,5,5,5,5,5,5,5,5,3,3.6,1,7,satisfied
72413,Apr,Male,Loyal Customer,43,Business travel,Business,1849,2,2,2,2,2,4,4,3,3,4,3,3,3,4,2.9,0,7,satisfied
73604,May,Female,Loyal Customer,55,Business travel,Business,3634,0,4,0,4,4,5,5,4,4,1,1,4,4,3,3.1,0,0,satisfied
48415,Jun,Female,Loyal Customer,54,Personal Travel,Business,844,4,5,5,2,2,4,4,3,3,5,3,3,3,4,3.6,0,0,neutral or dissatisfied
105708,Jul,Female,Loyal Customer,42,Business travel,Business,3094,5,5,5,5,4,4,5,2,2,2,2,5,2,3,3.6,0,10,satisfied
65579,Sep,Female,Loyal Customer,47,Business travel,Business,3465,1,3,3,3,3,3,4,1,1,1,1,1,1,4,2.1,13,15,neutral or dissatisfied
73058,Oct,Female,disloyal Customer,29,Business travel,Business,1035,1,1,1,1,5,1,5,5,4,4,4,4,4,5,3.2,0,0,neutral or dissatisfied
65585,Nov,Female,Loyal Customer,36,Business travel,Eco,237,2,4,4,4,2,2,2,2,2,4,2,1,1,2,2.4,0,0,neutral or dissatisfied
8346,Dec,Female,Loyal Customer,50,Business travel,Business,3175,4,4,4,4,2,4,5,5,5,5,5,4,5,3,4.2,0,0,satisfied
79678,Aug,Female,Loyal Customer,31,Personal Travel,Eco,760,4,2,4,4,1,4,1,1,3,4,4,4,4,1,2.9,17,27,neutral or dissatisfied
112483,Jan,Male,Loyal Customer,13,Personal Travel,Eco,853,1,4,1,4,4,1,4,4,5,2,5,4,4,4,3.4,105,122,neutral or dissatisfied
31698,Feb,Male,disloyal Customer,24,Business travel,Eco,446,3,4,4,4,5,4,5,5,4,4,4,2,4,5,4.1,0,0,neutral or dissatisfied
74030,Mar,Female,Loyal Customer,60,Business travel,Business,1071,2,2,2,2,4,5,1,3,3,4,3,5,3,1,2.9,0,0,satisfied
124931,Apr,Female,Loyal Customer,42,Personal Travel,Eco,728,2,3,2,3,5,3,4,3,3,2,3,3,3,2,2.9,0,3,neutral or dissatisfied
73924,May,Female,Loyal Customer,57,Business travel,Business,2585,2,2,2,2,4,4,4,4,3,5,4,4,3,4,3.4,0,0,satisfied
76073,Jun,Female,Loyal Customer,42,Business travel,Business,707,2,2,4,2,2,5,4,3,3,4,3,4,3,3,3.1,27,11,satisfied
104623,Jul,Male,disloyal Customer,20,Business travel,Eco,861,0,0,0,5,2,0,2,2,4,3,5,3,5,2,2.4,0,0,satisfied
58523,Sep,Female,Loyal Customer,51,Personal Travel,Eco,719,3,5,2,4,3,5,4,4,4,2,4,4,4,3,3.6,19,0,neutral or dissatisfied
121929,Oct,Male,Loyal Customer,45,Business travel,Business,1790,2,5,2,2,2,4,5,5,5,5,5,3,5,4,3.9,0,0,satisfied
30704,Nov,Female,Loyal Customer,26,Business travel,Eco Plus,680,5,5,5,5,5,5,5,5,1,4,5,1,3,5,4.2,12,27,satisfied
58896,Dec,Male,disloyal Customer,26,Business travel,Eco,888,2,2,2,3,5,2,5,5,4,3,3,2,4,5,3.4,51,30,neutral or dissatisfied
26920,Aug,Female,Loyal Customer,24,Personal Travel,Eco,1660,2,1,2,3,3,2,5,3,1,4,2,2,2,3,2.5,0,2,neutral or dissatisfied
13884,Jan,Male,Loyal Customer,49,Business travel,Eco,578,5,1,1,1,5,5,5,1,1,1,4,5,4,5,3.1,162,179,satisfied
87681,Feb,Female,Loyal Customer,17,Business travel,Eco,606,5,1,4,1,5,5,4,5,5,1,2,5,3,5,3.6,15,15,satisfied
81719,Mar,Female,Loyal Customer,39,Business travel,Business,1487,3,3,3,3,4,4,5,4,4,4,4,4,4,3,3.7,7,0,satisfied
85554,Apr,Female,Loyal Customer,49,Business travel,Business,317,0,1,1,1,3,4,5,4,4,4,4,4,4,5,3.1,0,0,satisfied
12645,May,Female,Loyal Customer,48,Personal Travel,Eco,844,3,4,4,3,4,4,4,4,4,4,4,3,4,3,3.7,0,1,neutral or dissatisfied
101275,Jun,Male,Loyal Customer,52,Business travel,Business,3747,5,5,5,5,2,4,5,4,4,4,4,5,4,5,4.4,24,20,satisfied
95982,Jul,Female,Loyal Customer,25,Business travel,Business,2748,4,4,4,4,3,3,3,3,3,2,4,5,4,3,3.5,0,0,satisfied
74610,Sep,Female,Loyal Customer,16,Business travel,Business,1503,3,5,5,5,3,3,3,3,2,4,3,2,3,3,3.4,0,0,neutral or dissatisfied
76449,Oct,Male,Loyal Customer,58,Business travel,Business,1717,1,1,1,1,2,4,5,4,4,4,4,5,4,4,3.1,0,0,satisfied
14030,Nov,Male,disloyal Customer,8,Business travel,Business,1117,4,3,4,3,3,4,3,3,4,5,4,4,3,3,3.6,0,7,neutral or dissatisfied
69692,Dec,Male,Loyal Customer,42,Business travel,Business,1372,3,3,5,3,4,4,4,5,4,5,4,4,3,4,3.9,141,125,satisfied
47648,Aug,Female,Loyal Customer,52,Business travel,Business,2768,4,1,1,1,2,4,4,4,4,3,4,2,4,4,3,0,0,neutral or dissatisfied
52168,Jan,Female,Loyal Customer,47,Business travel,Eco,370,5,3,3,3,2,1,1,5,5,5,5,3,5,4,3.6,0,0,satisfied
60251,Feb,Female,Loyal Customer,69,Personal Travel,Eco,1546,1,5,1,2,4,3,4,1,1,1,1,4,1,3,2.3,1,26,neutral or dissatisfied
35881,Mar,Female,Loyal Customer,47,Personal Travel,Eco,1023,2,3,3,3,5,3,3,4,4,3,1,3,4,4,3.2,0,0,neutral or dissatisfied
28852,Apr,Female,Loyal Customer,41,Business travel,Business,3636,1,1,1,1,3,5,4,4,4,4,4,5,4,2,3.1,0,0,satisfied
55341,May,Female,Loyal Customer,40,Personal Travel,Eco,1325,4,4,4,3,1,4,1,1,4,2,4,5,5,1,3.1,0,9,neutral or dissatisfied
84553,Jun,Female,Loyal Customer,56,Personal Travel,Eco,2556,1,4,1,3,3,3,1,5,5,1,5,1,5,2,2.9,0,0,neutral or dissatisfied
100249,Jul,Male,Loyal Customer,41,Business travel,Business,1052,2,2,2,2,4,4,4,4,4,4,4,3,4,4,3.4,6,0,satisfied
2463,Sep,Female,Loyal Customer,40,Business travel,Eco,773,3,4,4,4,3,3,3,3,2,5,4,4,4,3,3.5,15,26,neutral or dissatisfied
22924,Oct,Male,Loyal Customer,12,Personal Travel,Business,817,2,3,2,2,1,2,1,1,1,3,5,3,2,1,2.1,0,0,neutral or dissatisfied
25542,Nov,Male,Loyal Customer,59,Personal Travel,Eco,516,4,5,3,4,1,3,1,1,5,3,4,5,4,1,3.1,3,0,satisfied
115972,Dec,Female,Loyal Customer,21,Personal Travel,Eco,447,1,5,1,1,2,1,2,2,3,5,5,3,4,2,2.6,34,19,neutral or dissatisfied
2980,Aug,Male,Loyal Customer,12,Personal Travel,Eco,462,2,4,2,3,2,2,2,2,3,4,2,2,1,2,2.4,0,0,neutral or dissatisfied
125097,Jan,Male,Loyal Customer,31,Business travel,Eco,361,1,5,5,5,1,1,1,1,2,5,3,4,4,1,2.8,0,0,neutral or dissatisfied
46701,Feb,Female,Loyal Customer,37,Personal Travel,Eco,125,3,2,3,3,2,3,2,2,3,3,3,4,3,2,2.7,6,4,neutral or dissatisfied
108006,Mar,Female,Loyal Customer,38,Personal Travel,Eco,271,4,0,5,3,2,5,2,2,4,2,4,3,5,2,3.1,0,0,satisfied
19578,Apr,Male,Loyal Customer,45,Personal Travel,Eco,173,2,5,0,1,2,0,5,2,5,5,4,4,4,2,2.9,0,0,neutral or dissatisfied
59508,May,Male,Loyal Customer,43,Business travel,Business,1950,3,3,3,3,4,5,4,4,4,4,4,3,4,5,3.8,0,0,satisfied
56446,Jun,Female,Loyal Customer,52,Personal Travel,Eco,719,1,5,2,2,3,5,5,3,3,2,3,3,3,3,3.1,0,17,neutral or dissatisfied
48800,Jul,Female,Loyal Customer,57,Business travel,Business,153,3,4,4,4,5,3,4,2,2,2,3,4,2,2,3.1,0,0,neutral or dissatisfied
129592,Sep,Female,Loyal Customer,13,Personal Travel,Business,337,2,3,2,3,1,2,1,1,4,5,2,5,5,1,2.6,0,18,neutral or dissatisfied
114039,Oct,Female,Loyal Customer,45,Business travel,Business,3732,5,5,5,5,5,5,5,5,5,5,5,3,5,4,4.8,17,0,satisfied
66800,Nov,Female,Loyal Customer,43,Business travel,Business,3854,5,5,5,5,5,4,4,5,5,5,5,5,5,3,4.7,0,0,satisfied
106799,Dec,Male,Loyal Customer,53,Business travel,Eco,977,2,4,2,4,2,2,2,2,3,2,3,2,3,2,2.5,20,17,neutral or dissatisfied
47057,Aug,Male,Loyal Customer,23,Business travel,Business,3073,4,4,1,4,5,5,5,5,1,3,1,3,3,5,3.5,0,3,satisfied
61824,Jan,Female,Loyal Customer,16,Personal Travel,Eco,1379,2,5,2,2,2,2,2,2,5,2,4,3,5,2,2.9,2,0,neutral or dissatisfied
68207,Feb,Male,Loyal Customer,23,Business travel,Eco,631,2,2,2,2,2,1,1,2,3,5,4,3,4,2,2.5,0,8,neutral or dissatisfied
125512,Mar,Male,Loyal Customer,45,Personal Travel,Eco,666,2,5,2,4,4,2,4,4,4,5,5,4,5,4,3.9,0,0,neutral or dissatisfied
93019,Apr,Female,Loyal Customer,46,Business travel,Business,2820,2,2,2,2,2,1,2,5,5,5,5,2,5,3,3.1,1,0,satisfied
87296,May,Female,Loyal Customer,49,Personal Travel,Eco,577,2,5,2,2,3,4,5,1,1,2,1,4,1,3,2.6,23,2,neutral or dissatisfied
76748,Jun,Female,Loyal Customer,40,Business travel,Business,2808,4,3,3,3,3,3,4,3,3,3,4,4,3,3,3.3,7,2,neutral or dissatisfied
85879,Jul,Female,Loyal Customer,19,Business travel,Business,2172,5,5,5,5,4,4,4,4,4,4,4,4,4,4,4.3,0,0,satisfied
63961,Sep,Female,Loyal Customer,48,Personal Travel,Eco,1192,4,2,4,3,4,3,3,1,1,4,2,3,1,1,2.6,0,0,neutral or dissatisfied
94760,Oct,Female,Loyal Customer,64,Business travel,Business,1773,2,4,3,4,5,3,3,2,2,3,2,4,2,4,3.1,0,0,neutral or dissatisfied
49608,Nov,Female,Loyal Customer,38,Business travel,Eco,109,5,3,3,3,5,5,5,5,5,2,4,1,1,5,3.7,31,,satisfied
80520,Dec,Male,Loyal Customer,23,Personal Travel,Eco,1749,2,1,1,4,3,1,3,3,1,1,4,2,3,3,2.3,97,89,neutral or dissatisfied
23328,Aug,Female,Loyal Customer,38,Business travel,Business,3753,2,2,2,2,1,1,5,4,4,4,4,4,4,1,2.9,0,0,satisfied
13560,Jan,Male,Loyal Customer,41,Personal Travel,Eco,214,1,4,1,2,2,1,1,2,4,3,5,4,5,2,2.6,16,34,neutral or dissatisfied
119121,Feb,Male,Loyal Customer,29,Personal Travel,Eco,1020,1,4,1,4,1,1,1,1,3,3,3,4,3,1,2.2,0,0,neutral or dissatisfied
42917,Mar,Male,Loyal Customer,47,Business travel,Eco Plus,368,5,1,2,1,4,5,4,4,5,5,2,4,3,4,3.5,0,0,satisfied
52954,Apr,Male,Loyal Customer,50,Personal Travel,Eco Plus,1448,2,3,2,5,4,2,4,4,4,3,4,3,1,4,3.2,20,4,neutral or dissatisfied
83112,May,Female,Loyal Customer,18,Personal Travel,Eco,1127,2,5,2,3,3,2,3,3,4,4,4,3,5,3,3.3,0,0,neutral or dissatisfied
88574,Jun,Female,Loyal Customer,20,Personal Travel,Eco,545,2,0,2,3,5,2,1,5,3,4,3,3,1,5,2.8,4,0,neutral or dissatisfied
111570,Jul,Female,Loyal Customer,41,Business travel,Business,3238,2,2,2,2,5,4,5,4,4,4,4,3,4,4,3.5,0,0,satisfied
28662,Sep,Female,Loyal Customer,12,Personal Travel,Eco,2466,2,4,2,3,1,2,1,1,4,4,5,4,4,1,2.7,0,0,neutral or dissatisfied
27177,Oct,Female,Loyal Customer,36,Personal Travel,Eco,2715,2,3,2,3,2,3,2,4,5,3,3,2,3,2,2.8,0,0,neutral or dissatisfied
129585,Nov,Male,Loyal Customer,49,Business travel,Business,337,3,4,3,3,4,5,5,4,4,4,4,5,4,3,3.9,10,0,satisfied
35759,Dec,Female,Loyal Customer,55,Personal Travel,Eco,1608,2,2,2,4,2,3,4,5,5,2,5,3,5,2,3.3,0,0,neutral or dissatisfied
49475,Aug,Female,Loyal Customer,43,Business travel,Business,3004,3,3,3,3,2,4,3,2,2,2,3,1,2,2,2.5,0,0,neutral or dissatisfied
78904,Jan,Female,disloyal Customer,49,Business travel,Business,980,2,2,2,2,3,2,3,3,3,5,5,4,4,3,3.1,11,6,neutral or dissatisfied
29619,Feb,Female,disloyal Customer,35,Business travel,Eco,1462,1,1,1,1,3,1,3,3,1,5,1,3,2,3,2.1,0,0,neutral or dissatisfied
77512,Mar,Male,Loyal Customer,45,Business travel,Business,1521,1,1,3,1,3,5,4,5,5,5,5,4,5,4,3.6,0,0,satisfied
31631,Apr,Female,Loyal Customer,28,Business travel,Business,862,5,5,5,5,5,5,5,5,2,3,1,1,2,5,3.9,9,5,satisfied
38913,May,Male,Loyal Customer,60,Business travel,Business,1833,4,4,4,4,1,4,5,4,4,4,4,1,4,2,3.5,0,0,satisfied
35366,Jun,Male,Loyal Customer,35,Business travel,Business,2398,2,4,2,4,1,3,2,2,2,2,2,4,2,3,2.5,0,9,neutral or dissatisfied
111817,Jul,Female,disloyal Customer,38,Business travel,Business,349,3,3,3,5,4,3,4,4,5,4,4,5,5,4,4,29,28,neutral or dissatisfied
12259,Sep,Male,Loyal Customer,48,Business travel,Business,1722,4,5,4,4,4,2,3,4,4,4,4,2,4,1,3.5,0,0,satisfied
19790,Oct,Female,Loyal Customer,65,Personal Travel,Eco,578,2,4,3,4,2,4,4,3,3,3,3,4,3,3,3.2,99,101,neutral or dissatisfied
33260,Nov,Male,Loyal Customer,30,Personal Travel,Eco Plus,163,3,5,3,2,1,3,1,1,4,2,4,5,5,1,2.9,9,11,neutral or dissatisfied
107079,Dec,Female,Loyal Customer,51,Personal Travel,Eco,395,2,4,5,1,2,4,5,3,3,5,3,1,3,1,3,0,0,neutral or dissatisfied
15174,Aug,Male,disloyal Customer,23,Business travel,Eco,416,5,0,5,2,4,5,4,4,3,5,5,3,2,4,3.6,18,4,satisfied
23620,Jan,Female,Loyal Customer,37,Business travel,Eco,977,3,4,4,4,3,3,3,3,2,2,3,3,3,3,3.1,0,0,neutral or dissatisfied
18128,Feb,Male,Loyal Customer,23,Business travel,Business,3095,5,5,5,5,5,5,3,5,2,5,4,3,3,5,4.3,9,0,satisfied
105291,Mar,Male,Loyal Customer,32,Business travel,Business,738,4,4,4,4,4,4,4,4,4,2,4,3,3,4,3.7,0,3,neutral or dissatisfied
56451,Apr,Male,Loyal Customer,67,Personal Travel,Eco,719,3,3,3,4,1,3,1,1,2,2,3,1,5,1,2.4,24,14,neutral or dissatisfied
102068,May,Male,Loyal Customer,65,Personal Travel,Business,226,1,4,1,1,5,5,4,4,4,1,4,5,4,3,3.3,37,20,neutral or dissatisfied
57995,Jun,Female,Loyal Customer,48,Business travel,Business,1943,1,1,1,1,3,5,5,5,5,5,5,4,5,5,3.6,0,0,satisfied
146,Jul,Male,Loyal Customer,60,Business travel,Business,2371,4,4,4,4,2,4,5,4,4,4,4,3,4,3,3.8,66,61,satisfied
18770,Sep,Female,Loyal Customer,31,Business travel,Business,551,3,1,1,1,3,3,3,3,3,4,3,4,4,3,2.8,53,48,neutral or dissatisfied
42774,Oct,Male,Loyal Customer,22,Business travel,Eco Plus,493,4,1,5,5,4,4,4,4,2,4,2,3,4,4,3.6,19,6,satisfied
13776,Nov,Male,disloyal Customer,27,Business travel,Eco,925,2,2,2,5,5,2,5,5,2,5,5,1,4,5,3.6,4,3,neutral or dissatisfied
103702,Dec,Female,Loyal Customer,19,Personal Travel,Eco,405,2,2,2,4,1,2,1,1,3,2,4,4,3,1,2.3,0,0,neutral or dissatisfied
69826,Aug,Female,disloyal Customer,26,Business travel,Eco,1055,3,3,3,4,4,3,4,4,3,5,4,2,4,4,3.6,0,0,neutral or dissatisfied
57906,Jan,Male,Loyal Customer,72,Business travel,Eco,305,4,3,3,3,4,4,4,4,2,3,3,1,3,4,3.2,0,0,neutral or dissatisfied
31358,Feb,Female,Loyal Customer,34,Business travel,Business,589,5,5,5,5,1,1,5,5,5,5,5,5,5,5,4.4,0,11,satisfied
92805,Mar,Female,Loyal Customer,45,Business travel,Business,1587,2,2,2,2,4,4,4,4,4,4,4,4,4,3,3.4,0,0,satisfied
104375,Apr,Male,Loyal Customer,51,Business travel,Business,3090,2,4,4,4,3,3,4,2,2,2,2,4,2,1,2.8,0,0,neutral or dissatisfied
109896,May,Female,disloyal Customer,26,Business travel,Eco,804,2,2,2,3,4,2,3,4,1,4,4,1,4,4,2.9,7,0,neutral or dissatisfied
102955,Jun,Female,Loyal Customer,12,Personal Travel,Eco,719,3,4,3,3,1,3,1,1,5,2,4,4,4,1,2.8,0,0,neutral or dissatisfied
44736,Jul,Female,Loyal Customer,72,Business travel,Eco Plus,67,2,5,3,5,2,3,4,3,3,2,3,4,3,3,3.2,28,18,neutral or dissatisfied
28135,Sep,Male,Loyal Customer,45,Business travel,Eco,550,4,2,4,4,4,4,4,4,4,4,3,5,5,4,3.9,0,0,satisfied
55871,Oct,Female,Loyal Customer,22,Business travel,Business,2809,2,2,2,2,5,5,5,5,3,4,4,5,4,5,3.8,36,28,satisfied
8818,Nov,Female,Loyal Customer,53,Personal Travel,Eco,552,4,4,4,1,4,5,4,5,5,4,5,4,5,5,4.2,0,0,neutral or dissatisfied
86148,Dec,Female,disloyal Customer,33,Business travel,Business,356,3,3,3,4,4,3,4,4,4,5,5,5,5,4,4,12,0,neutral or dissatisfied
120162,Aug,Female,Loyal Customer,46,Personal Travel,Business,119,4,0,4,1,5,5,4,4,4,4,4,3,4,3,3.5,13,32,neutral or dissatisfied
117547,Jan,Male,Loyal Customer,54,Business travel,Business,1545,2,2,2,2,5,5,5,5,5,5,5,4,5,4,4,1,0,satisfied
112385,Feb,Female,Loyal Customer,40,Business travel,Eco,819,4,2,3,3,4,4,4,4,1,2,3,1,3,4,3,23,6,neutral or dissatisfied
19908,Mar,Female,Loyal Customer,37,Business travel,Business,1801,2,4,3,3,4,4,3,2,2,2,2,1,2,4,2.7,0,0,neutral or dissatisfied
45098,Apr,Female,Loyal Customer,35,Business travel,Business,1658,2,2,5,2,1,2,1,5,5,5,3,3,5,3,3.1,6,6,satisfied
43810,May,Female,disloyal Customer,26,Business travel,Business,114,4,0,5,3,4,5,4,4,4,2,5,4,4,4,3.7,0,13,satisfied
22981,Jun,Female,Loyal Customer,62,Business travel,Eco,128,4,3,3,3,2,5,1,5,5,4,5,3,5,1,3.5,0,16,satisfied
68134,Jul,Male,Loyal Customer,58,Business travel,Business,813,1,1,1,1,5,5,5,3,3,3,3,5,3,3,3,0,0,satisfied
23518,Sep,Female,Loyal Customer,55,Personal Travel,Eco,349,2,3,2,3,2,3,5,2,2,2,2,5,2,3,2.7,0,0,neutral or dissatisfied
109188,Oct,Female,Loyal Customer,60,Business travel,Business,1508,3,1,1,1,2,2,2,3,3,3,3,2,3,2,2.2,15,15,neutral or dissatisfied
1150,Nov,Female,Loyal Customer,15,Personal Travel,Eco,89,3,5,3,4,5,3,1,5,5,5,4,3,5,5,4,0,0,neutral or dissatisfied
44586,Dec,Male,Loyal Customer,67,Personal Travel,Eco,157,4,1,4,3,5,4,5,5,4,5,3,4,3,5,3.9,45,33,neutral or dissatisfied
84299,Aug,Male,Loyal Customer,43,Business travel,Business,2828,0,1,1,2,5,5,4,3,3,3,3,5,3,5,3.1,39,41,satisfied
103793,Jan,Male,Loyal Customer,30,Business travel,Business,3131,1,1,1,1,5,4,5,5,5,5,4,5,5,5,3.7,7,0,satisfied
35032,Feb,Female,Loyal Customer,42,Business travel,Eco,718,5,1,4,1,3,3,3,5,5,5,5,3,5,1,3.5,0,0,satisfied
103291,Mar,Male,Loyal Customer,40,Business travel,Business,1959,3,3,3,3,4,4,4,4,3,5,5,4,5,4,3.9,209,191,satisfied
93909,Apr,Male,Loyal Customer,47,Business travel,Business,3496,2,2,2,2,2,4,5,5,5,5,5,4,5,4,3.7,0,2,satisfied
127925,May,Male,Loyal Customer,38,Business travel,Business,2300,4,2,2,2,4,4,3,4,4,4,4,3,4,2,3.3,60,37,neutral or dissatisfied
128097,Jun,Female,Loyal Customer,25,Personal Travel,Eco,2845,3,0,3,5,3,3,3,1,1,3,2,3,3,3,2.6,0,1,neutral or dissatisfied
26149,Jul,Male,disloyal Customer,26,Business travel,Eco,406,3,5,3,4,3,3,3,5,5,4,1,3,4,3,3.5,149,138,neutral or dissatisfied
95886,Sep,Male,Loyal Customer,66,Personal Travel,Eco,580,2,4,2,3,4,2,4,4,5,3,5,3,4,4,3.5,26,13,neutral or dissatisfied
125425,Oct,Female,Loyal Customer,69,Business travel,Eco,735,1,4,4,4,3,3,4,1,1,1,1,4,1,2,2.4,12,4,neutral or dissatisfied
120078,Nov,Female,Loyal Customer,22,Business travel,Business,1722,2,5,5,5,2,2,2,2,2,4,3,3,3,2,3,0,53,neutral or dissatisfied
60625,Dec,Male,Loyal Customer,8,Personal Travel,Eco Plus,1201,2,5,2,3,3,2,3,3,4,2,1,5,5,3,3.1,24,14,neutral or dissatisfied
115031,Aug,Female,disloyal Customer,37,Business travel,Business,372,5,5,5,4,4,5,4,4,4,4,5,3,4,4,4.3,11,0,satisfied
37077,Jan,Female,Loyal Customer,69,Personal Travel,Eco,1072,1,5,1,5,4,4,4,1,1,1,1,4,1,4,2.6,18,7,neutral or dissatisfied
69252,Feb,Male,Loyal Customer,28,Business travel,Eco,733,4,2,2,2,4,4,4,4,3,4,3,3,4,4,3.4,15,22,neutral or dissatisfied
12194,Mar,Male,Loyal Customer,51,Business travel,Eco Plus,1075,2,4,1,4,2,2,2,2,1,2,4,4,3,2,2.5,5,0,neutral or dissatisfied
80188,Apr,Female,Loyal Customer,46,Personal Travel,Eco,2586,3,1,3,3,3,4,4,2,4,4,3,4,1,4,3.1,59,57,neutral or dissatisfied
10430,May,Male,disloyal Customer,39,Business travel,Business,140,4,4,4,3,4,4,2,4,3,4,4,4,4,4,3.7,0,7,satisfied
21262,Jun,Female,disloyal Customer,21,Business travel,Eco Plus,903,4,3,4,4,1,4,1,1,4,5,3,1,4,1,2.9,35,28,neutral or dissatisfied
55236,Jul,Male,Loyal Customer,46,Business travel,Business,2423,4,4,4,4,2,4,4,4,4,4,4,5,4,5,4,1,0,satisfied
126917,Sep,Female,Loyal Customer,36,Business travel,Business,3130,2,2,2,2,5,5,5,5,5,5,5,5,5,3,4,62,65,satisfied
112190,Oct,Male,Loyal Customer,60,Business travel,Business,2198,3,3,3,3,3,4,4,4,4,4,4,3,4,3,3.5,23,4,satisfied
16342,Nov,Male,Loyal Customer,23,Business travel,Eco Plus,602,2,5,5,5,2,2,1,2,3,4,4,4,4,2,3.2,21,44,neutral or dissatisfied
2201,Dec,Male,Loyal Customer,52,Personal Travel,Eco,685,4,4,4,5,4,4,4,4,3,4,5,5,4,4,4.1,0,0,satisfied
53687,Aug,Male,Loyal Customer,36,Business travel,Eco,1208,4,5,5,5,4,4,4,4,2,1,2,2,3,4,3.5,3,0,satisfied
47168,Jan,Male,Loyal Customer,41,Business travel,Business,2789,3,3,2,3,4,3,3,4,4,3,4,3,4,5,3.4,10,0,satisfied
8782,Feb,Male,Loyal Customer,45,Business travel,Business,3305,2,2,2,2,3,5,5,4,4,4,4,4,4,3,3.4,8,0,satisfied
75468,Mar,Male,Loyal Customer,67,Personal Travel,Eco,2342,3,4,3,3,5,3,2,5,4,2,3,1,4,5,3.4,0,0,neutral or dissatisfied
663,Apr,Female,Loyal Customer,45,Business travel,Business,3712,4,4,4,4,3,5,5,4,4,4,4,5,4,5,4.2,0,0,satisfied
74740,May,Female,Loyal Customer,56,Personal Travel,Eco,1431,3,5,3,3,4,5,5,1,1,3,1,2,1,5,3,91,76,neutral or dissatisfied
117904,Jun,Female,disloyal Customer,62,Business travel,Eco,255,3,3,2,2,2,2,2,2,1,5,3,1,3,2,2.4,113,107,neutral or dissatisfied
59599,Jul,Female,Loyal Customer,30,Business travel,Business,3720,2,1,1,1,2,3,2,2,2,4,3,3,4,2,2.3,27,12,neutral or dissatisfied
29479,Sep,Male,Loyal Customer,48,Business travel,Eco,1107,4,5,5,5,4,4,4,4,3,5,4,1,2,4,3.9,0,0,satisfied
105096,Oct,Female,Loyal Customer,32,Business travel,Business,2999,2,2,2,2,4,4,4,4,3,4,5,3,4,4,3.4,28,11,satisfied
94421,Nov,Female,Loyal Customer,30,Business travel,Business,2438,0,1,1,1,2,2,2,2,5,3,5,3,4,2,2.4,38,28,satisfied
49058,Dec,Female,disloyal Customer,40,Business travel,Business,156,1,1,1,5,4,1,2,4,2,4,5,5,2,4,2.9,0,0,neutral or dissatisfied
47795,Aug,Male,Loyal Customer,42,Business travel,Business,3665,5,5,5,5,5,5,4,4,4,4,4,4,4,3,4.4,83,92,satisfied
125451,Jan,Female,Loyal Customer,52,Business travel,Business,2917,5,5,5,5,5,5,5,3,4,4,4,5,3,5,4.5,15,32,satisfied
96114,Feb,Male,Loyal Customer,50,Business travel,Business,1235,5,5,5,5,3,4,4,5,5,5,5,4,5,3,4.5,0,0,satisfied
23241,Mar,Female,Loyal Customer,18,Personal Travel,Eco Plus,549,2,5,2,3,2,2,2,2,5,5,4,5,4,2,3.2,0,0,neutral or dissatisfied
106258,Apr,Male,Loyal Customer,30,Business travel,Business,1500,3,3,3,3,5,4,5,5,4,3,4,3,5,5,3.9,0,0,satisfied
64874,May,Female,disloyal Customer,26,Business travel,Eco,190,3,2,3,3,1,3,1,1,4,5,4,3,3,1,2.6,0,0,neutral or dissatisfied
100136,Jun,Male,disloyal Customer,37,Business travel,Business,468,4,4,4,4,4,4,4,4,4,4,4,4,5,4,4.1,0,0,satisfied
51774,Jul,Male,Loyal Customer,64,Personal Travel,Eco,261,1,4,0,3,1,0,1,1,3,1,3,3,4,1,1.9,0,0,neutral or dissatisfied
124301,Sep,Male,disloyal Customer,21,Business travel,Business,255,5,0,5,1,2,5,2,2,5,4,5,3,4,2,3.2,0,0,satisfied
36127,Oct,Female,Loyal Customer,52,Business travel,Business,1609,3,2,4,4,3,4,4,3,3,3,3,1,3,3,3.1,0,8,neutral or dissatisfied
121855,Nov,Female,Loyal Customer,52,Business travel,Business,413,5,5,5,5,5,5,4,5,5,5,5,4,5,3,4.7,4,2,satisfied
52648,Dec,Female,Loyal Customer,29,Personal Travel,Eco,119,2,2,2,2,5,2,2,5,4,5,3,2,3,5,3.1,0,0,neutral or dissatisfied
38803,Aug,Female,Loyal Customer,13,Personal Travel,Eco,387,2,1,2,3,1,2,1,1,4,1,3,1,4,1,1.9,16,12,neutral or dissatisfied
39916,Jan,Male,Loyal Customer,28,Business travel,Business,1087,1,1,3,1,5,5,5,5,3,2,4,5,5,5,3.6,0,0,satisfied
95301,Feb,Male,Loyal Customer,13,Personal Travel,Eco,323,2,4,2,3,2,2,2,2,1,5,4,4,4,2,2.8,15,7,neutral or dissatisfied
16505,Mar,Male,Loyal Customer,16,Personal Travel,Eco,282,2,5,2,3,5,2,5,5,3,3,5,5,4,5,3.9,8,16,neutral or dissatisfied
63771,Apr,Male,Loyal Customer,58,Business travel,Business,1721,3,3,3,3,3,4,5,4,4,4,4,4,4,5,3.8,18,0,satisfied
